{"cameraMode":{"drawMode":0,"name":"Shaded","section":"Shading Mode"},"sceneLighting":false,"audioPlay":false,"sceneViewState":{"showFog":true,"showMaterialUpdate":false,"showSkybox":false,"showFlares":true,"showImageEffects":true,"showParticleSystems":true},"in2DMode":false,"pivot":{"x":0.19092965126037599,"y":0.0,"z":-0.42657628655433657},"rotation":{"x":-0.19134750962257386,"y":0.6889106035232544,"z":-0.19646640121936799,"w":-0.6709608435630798},"size":4.429946422576904,"orthographic":false}